[{"Owned":false,"furniture":[],"Price":25000,"Interior":"low-end","positions":{"Wardrobe":{"y":-1003.45947265625,"z":-99.00859832763672,"x":259.9942932128906}},"Owner":"","Name":"1076 Procopio Dr","cctv":{"maxleft":90.71163940429688,"maxright":-88.02642059326172,"rot":{"y":2.7045992112562097e-8,"z":2.7542073726654,"x":-9.43104267120361},"enabled":true},"garage":{"enabled":false,"StoredVehicles":[]},"setName":"","plysinside":[],"Locked":false,"Keys":[],"OwnerName":"","Entrance":{"y":6206.16,"z":28.57,"x":-467.88}},{"Owned":false,"furniture":[],"Price":25000,"Interior":"low-end","positions":{"Wardrobe":{"y":-1003.45947265625,"z":-99.00859832763672,"x":259.9942932128906}},"Owner":"","Name":"1075 Procopio Dr","cctv":{"maxleft":-113.61099243164064,"maxright":70.65039825439453,"rot":{"y":-0.0,"z":162.9940643310547,"x":3.75689458847045},"enabled":true},"garage":{"enabled":false,"StoredVehicles":[]},"setName":"","plysinside":[],"Locked":false,"Keys":[],"OwnerName":"","Entrance":{"y":6260.23,"z":29.07,"x":-448.02}},{"Owned":false,"furniture":[],"Price":25000,"Interior":"low-end","positions":{"Wardrobe":{"y":-1003.45947265625,"z":-99.00859832763672,"x":259.9942932128906}},"Owner":"","Name":"1074 Procopio Dr","cctv":{"maxleft":-54.77568435668945,"maxright":135.13072204589845,"rot":{"y":-0.0,"z":-138.95835876464845,"x":-1.16786921024322},"enabled":true},"garage":{"enabled":false,"StoredVehicles":[]},"plysinside":[],"Locked":false,"Keys":[],"setName":"","Entrance":{"y":6314.13,"z":27.96,"x":-407.35}},{"Owned":false,"furniture":[],"Price":25000,"Interior":"low-end","positions":{"Wardrobe":{"y":-1003.45947265625,"z":-99.00859832763672,"x":259.9942932128906}},"Owner":"","Name":"1073 Procopio Dr","cctv":{"maxleft":-51.56189727783203,"maxright":132.70008850097657,"rot":{"y":-0.0,"z":-139.94163513183598,"x":-2.56643605232238},"enabled":true},"garage":{"enabled":false,"StoredVehicles":[]},"plysinside":[],"Locked":false,"Keys":[],"setName":"","Entrance":{"y":6341.62,"z":28.86,"x":-368.23}},{"Owned":false,"furniture":[],"Price":25000,"Interior":"low-end","positions":{"Wardrobe":{"y":-1003.45947265625,"z":-99.00859832763672,"x":259.9942932128906}},"Owner":"","Name":"1071 Procopio Dr","cctv":{"maxleft":-65.34387969970703,"maxright":123.2501983642578,"rot":{"y":-0.0,"z":-152.39810180664066,"x":-7.54235982894897},"enabled":true},"garage":{"enabled":false,"StoredVehicles":[]},"plysinside":[],"Locked":false,"Keys":[],"setName":"","Entrance":{"y":6400.88,"z":30.52,"x":-272.61}},{"Owned":false,"furniture":[],"Price":25000,"Interior":"low-end","positions":{"Wardrobe":{"y":-1003.45947265625,"z":-99.00859832763672,"x":259.9942932128906}},"Owner":"","Name":"1071 Procopio Dr","cctv":{"maxleft":-148.38644409179688,"maxright":38.33782577514648,"rot":{"y":4.379791960218428e-7,"z":128.27305603027345,"x":-12.92249584197998},"enabled":true},"garage":{"enabled":false,"StoredVehicles":[]},"plysinside":[],"Locked":false,"Keys":[],"setName":"","Entrance":{"y":6414.46,"z":30.48,"x":-246.14}},{"Owned":false,"furniture":[],"Price":27500,"Interior":"mid-end","positions":{"Wardrobe":{"y":-994.2987060546876,"z":-99.14720153808594,"x":350.7424926757813}},"Owner":"","Name":"1070 Procopio Dr","cctv":{"maxleft":-135.48313903808598,"maxright":48.30059432983398,"rot":{"y":2.1444458297992242e-7,"z":137.8870849609375,"x":-5.53862285614013},"enabled":true},"garage":{"enabled":false,"StoredVehicles":[]},"plysinside":[],"Locked":false,"Keys":[],"setName":"","Entrance":{"y":6445.48,"z":30.22,"x":-229.63}},{"Owned":false,"furniture":[],"Price":27500,"Interior":"mid-end","positions":{"Wardrobe":{"y":-994.2987060546876,"z":-99.14720153808594,"x":350.7424926757813}},"Owner":"","Name":"1067 Procopio Dr","cctv":{"maxleft":-46.79578399658203,"maxright":138.85032653808598,"rot":{"y":1.0691521623584777e-7,"z":-134.93411254882813,"x":3.44796895980834},"enabled":true},"garage":{"enabled":false,"StoredVehicles":[]},"plysinside":[],"Locked":false,"Keys":[],"setName":"","Entrance":{"y":6551.76,"z":28.89,"x":-130.8}},{"Owned":false,"furniture":[],"Price":25000,"Interior":"low-end","positions":{"Wardrobe":{"y":-1003.45947265625,"z":-99.00859832763672,"x":259.9942932128906}},"Owner":"","Name":"1065 Procopio Dr","cctv":{"maxleft":-56.39479827880859,"maxright":129.07382202148438,"rot":{"y":-1.3340336835199196e-8,"z":-144.0503692626953,"x":-0.24611411988735},"enabled":true},"garage":{"enabled":false,"StoredVehicles":[]},"plysinside":[],"Locked":false,"Keys":[],"setName":"","Entrance":{"y":6637.3,"z":30.11,"x":-41.72}},{"Owned":false,"furniture":[],"Price":25000,"Interior":"low-end","positions":{"Wardrobe":{"y":-1003.45947265625,"z":-99.00859832763672,"x":259.9942932128906}},"Owner":"","Name":"1064 Procopio Dr","cctv":{"maxleft":-68.07413482666016,"maxright":116.67019653320313,"rot":{"y":-1.068413766347477e-7,"z":-155.01153564453126,"x":-2.71219563484191},"enabled":true},"garage":{"enabled":false,"StoredVehicles":[]},"plysinside":[],"Locked":false,"Keys":[],"setName":"","Entrance":{"y":6654.13,"z":30.72,"x":-9.62}},{"Owned":false,"furniture":[],"Price":25000,"Interior":"low-end","positions":{"Wardrobe":{"y":-1003.45947265625,"z":-99.00859832763672,"x":259.9942932128906}},"Owner":"","Name":"1034 Paleto Blvd","cctv":{"maxleft":-45.94052505493164,"maxright":135.7574005126953,"rot":{"y":-0.0,"z":-133.8831787109375,"x":-2.77191710472106},"enabled":true},"garage":{"enabled":false,"StoredVehicles":[]},"plysinside":[],"Locked":false,"Keys":[],"setName":"","Entrance":{"y":6207.33,"z":30.86,"x":-356.82}},{"Owned":false,"furniture":[],"Price":25000,"Interior":"low-end","positions":{"Wardrobe":{"y":-1003.45947265625,"z":-99.00859832763672,"x":259.9942932128906}},"Owner":"","Name":"1034 Procopio Dr","cctv":{"maxleft":42.09032440185547,"maxright":-131.2773895263672,"rot":{"y":4.32035335506953e-7,"z":-40.4444465637207,"x":-8.85426330566406},"enabled":true},"garage":{"enabled":false,"StoredVehicles":[]},"plysinside":[],"Locked":false,"Keys":[],"setName":"","Entrance":{"y":6252.75,"z":30.87,"x":-379.92}},{"Owned":false,"furniture":[],"Price":25000,"Interior":"low-end","positions":{"Wardrobe":{"y":-1003.45947265625,"z":-99.00859832763672,"x":259.9942932128906}},"Owner":"","Name":"1047 Paleto Blvd","cctv":{"maxleft":133.55870056152345,"maxright":-42.54082870483398,"rot":{"y":-9.440947223993136e-7,"z":44.16030502319336,"x":-25.26673126220703},"enabled":true},"garage":{"enabled":false,"StoredVehicles":[]},"plysinside":[],"Locked":false,"Keys":[],"setName":"","Entrance":{"y":6326.99,"z":31.91,"x":-302.19}},{"Owned":false,"furniture":[],"Price":25000,"Interior":"low-end","positions":{"Wardrobe":{"y":-1003.45947265625,"z":-99.00859832763672,"x":259.9942932128906}},"Owner":"","Name":"1043 Paleto Blvd","cctv":{"maxleft":-43.60107040405273,"maxright":134.7738800048828,"rot":{"y":-0.0,"z":-137.5096435546875,"x":-1.57497417926788},"enabled":true},"garage":{"enabled":false,"StoredVehicles":[]},"plysinside":[],"Locked":false,"Keys":[],"setName":"","Entrance":{"y":6225.21,"z":30.9,"x":-347.3}},{"Owned":false,"furniture":[],"Price":25000,"Interior":"mid-end","positions":{"Wardrobe":{"y":-994.2987060546876,"z":-99.14720153808594,"x":350.7424926757813}},"Owner":"","Name":"1059 Paleto Blvd","cctv":{"maxleft":43.89247512817383,"maxright":-133.83499145507813,"rot":{"y":-0.0,"z":-45.87245941162109,"x":-11.80154037475586},"enabled":true},"garage":{"enabled":false,"StoredVehicles":[]},"plysinside":[],"Locked":false,"Keys":[],"setName":"","Entrance":{"y":6557.45,"z":32.26,"x":-15.3}},{"Owned":false,"furniture":[],"Price":27500,"Interior":"mid-end","positions":{"Wardrobe":{"y":-994.2987060546876,"z":-99.14720153808594,"x":350.7424926757813}},"Owner":"","Name":"1061 Paleto Blvd","cctv":{"maxleft":-139.30752563476566,"maxright":44.53319549560547,"rot":{"y":2.144746105159357e-7,"z":129.4863433837891,"x":-5.62087059020996},"enabled":true},"garage":{"enabled":false,"StoredVehicles":[]},"plysinside":[],"Locked":false,"Keys":[],"setName":"","Entrance":{"y":6568.19,"z":32.1,"x":4.43}},{"Owned":false,"furniture":[],"Price":27500,"Interior":"mid-end","positions":{"Wardrobe":{"y":-994.2987060546876,"z":-99.14720153808594,"x":350.7424926757813}},"Owner":"","Name":"1061 Paleto Blvd","cctv":{"maxleft":-43.43285751342773,"maxright":-159.96804809570313,"rot":{"y":-0.0,"z":-94.7632293701172,"x":-5.83577966690063},"enabled":true},"garage":{"enabled":false,"StoredVehicles":[]},"plysinside":[],"Locked":false,"Keys":[],"setName":"","Entrance":{"y":6596.46,"z":31.84,"x":31.0}},{"Owned":false,"furniture":[],"Price":12500,"Interior":"low-end","positions":{"Wardrobe":{"y":-1003.45947265625,"z":-99.00859832763672,"x":259.9942932128906}},"Owner":"","Name":"2016 Grapeseed Main St","cctv":{"maxleft":80,"maxright":-20,"rot":{"y":-0.0,"z":-63.00457000732422,"x":-6.35934734344482},"enabled":false},"garage":{"enabled":false,"StoredVehicles":[]},"plysinside":[],"Locked":false,"Keys":[],"setName":"","Entrance":{"y":4642.33,"z":42.9,"x":1725.06}},{"Owned":false,"furniture":[],"Price":12500,"Interior":"low-end","positions":{"Wardrobe":{"y":-1003.45947265625,"z":-99.00859832763672,"x":259.9942932128906}},"Owner":"","Name":"2015 Grapeseed Main St","cctv":{"maxleft":80,"maxright":-20,"rot":{"y":2.7858778395284394e-8,"z":91.53390502929688,"x":-16.72389602661132},"enabled":false},"garage":{"enabled":false,"StoredVehicles":[]},"plysinside":[],"Locked":false,"Keys":[],"setName":"","Entrance":{"y":4658.22,"z":42.39,"x":1674.01}},{"Owned":false,"furniture":[],"Price":7500,"Interior":"low-end","positions":{"Wardrobe":{"y":-1003.45947265625,"z":-99.00859832763672,"x":259.9942932128906}},"Owner":"","Name":"2014 Grapeseed Main St","cctv":{"maxleft":80,"maxright":-20,"rot":{"y":-0.0,"z":-93.13695526123049,"x":-29.83987236022949},"enabled":false},"garage":{"enabled":false,"StoredVehicles":[]},"plysinside":[],"Locked":false,"Keys":[],"setName":"","Entrance":{"y":4677.34,"z":42.68,"x":1718.91}},{"Owned":false,"furniture":[],"Price":7500,"Interior":"low-end","positions":{"Wardrobe":{"y":-1003.45947265625,"z":-99.00859832763672,"x":259.9942932128906}},"Owner":"","Name":"2013 Grapeseed Main St","cctv":{"maxleft":80,"maxright":-20,"rot":{"y":-0.0,"z":91.7155303955078,"x":-6.32857131958007},"enabled":false},"garage":{"enabled":false,"StoredVehicles":[]},"plysinside":[],"Locked":false,"Keys":[],"setName":"","Entrance":{"y":4689.52,"z":42.09,"x":1682.85}},{"Owned":false,"furniture":[],"Price":10000,"Interior":"low-end","positions":{"Wardrobe":{"y":-1003.45947265625,"z":-99.00859832763672,"x":259.9942932128906}},"Owner":"","Name":"2011 Grapeseed Main St","cctv":{"maxleft":80,"maxright":-20,"rot":{"y":-0.0,"z":110.03758239746094,"x":-18.96443367004394},"enabled":false},"garage":{"enabled":false,"StoredVehicles":[]},"plysinside":[],"Locked":false,"Keys":[],"setName":"","Entrance":{"y":4739.5,"z":41.03,"x":1664.0}},{"Owned":false,"furniture":[],"Price":10000,"Interior":"low-end","positions":{"Wardrobe":{"y":-1003.45947265625,"z":-99.00859832763672,"x":259.9942932128906}},"Owner":"","Name":"3012 Niland Ave","cctv":{"maxleft":80,"maxright":-20,"rot":{"y":-0.0,"z":-77.30774688720703,"x":-14.36374378204345},"enabled":false},"garage":{"enabled":false,"StoredVehicles":[]},"plysinside":[],"Locked":false,"Keys":[],"setName":"","Entrance":{"y":3920.59,"z":32.23,"x":1880.27}},{"Owned":false,"furniture":[],"Price":9000,"Interior":"low-end","positions":{"Wardrobe":{"y":-1003.45947265625,"z":-99.00859832763672,"x":259.9942932128906}},"Owner":"","Name":"3013 Niland Ave","cctv":{"maxleft":80,"maxright":-20,"rot":{"y":-2.1725810483985698e-7,"z":103.60260009765624,"x":-10.75266551971435},"enabled":false},"garage":{"enabled":false,"StoredVehicles":[]},"plysinside":[],"Locked":false,"Keys":[],"setName":"","Entrance":{"y":3914.59,"z":32.48,"x":1846.06}},{"Owned":false,"furniture":[],"Price":11500,"Interior":"low-end","positions":{"Wardrobe":{"y":-1003.45947265625,"z":-99.00859832763672,"x":259.9942932128906}},"Owner":"","Name":"3013 Marina Dr","cctv":{"maxleft":80,"maxright":-20,"rot":{"y":-0.0,"z":-76.59026336669922,"x":-20.23343658447265},"enabled":false},"garage":{"enabled":false,"StoredVehicles":[]},"plysinside":[],"Locked":false,"Keys":[],"setName":"","Entrance":{"y":3913.8,"z":36.08,"x":1803.57}},{"Owned":false,"furniture":[],"Price":11500,"Interior":"low-end","positions":{"Wardrobe":{"y":-1003.45947265625,"z":-99.00859832763672,"x":259.9942932128906}},"Owner":"","Name":"3025 Lesbos Ln","cctv":{"maxleft":80,"maxright":-20,"rot":{"y":-0.0,"z":95.02767944335938,"x":-5.87784767150878},"enabled":false},"garage":{"enabled":false,"StoredVehicles":[]},"plysinside":[],"Locked":false,"Keys":[],"setName":"","Entrance":{"y":3657.13,"z":33.45,"x":1435.31}},{"Owned":false,"furniture":[],"Price":12500,"Interior":"low-end","positions":{"Wardrobe":{"y":-1003.45947265625,"z":-99.00859832763672,"x":259.9942932128906}},"Owner":"","Name":"4018 Route 68","cctv":{"maxleft":80,"maxright":-20,"rot":{"y":-0.0,"z":-166.2356719970703,"x":-20.86568069458007},"enabled":false},"garage":{"enabled":false,"StoredVehicles":[]},"plysinside":[],"Locked":false,"Keys":[],"setName":"","Entrance":{"y":2607.8,"z":43.5,"x":471.15}},{"Owned":false,"furniture":[],"Price":7500,"Interior":"low-end","positions":{"Wardrobe":{"y":-1003.45947265625,"z":-99.00859832763672,"x":259.9942932128906}},"Owner":"","Name":"4013 Joshua Rd","cctv":{"maxleft":80,"maxright":-20,"rot":{"y":-0.0,"z":-93.07178497314452,"x":-11.2086534500122},"enabled":false},"garage":{"enabled":false,"StoredVehicles":[]},"plysinside":[],"Locked":false,"Keys":[],"setName":"","Entrance":{"y":3087.1,"z":42.28,"x":181.03}},{"Owned":false,"furniture":[],"Price":45000,"Interior":"mid-end","positions":{"Wardrobe":{"y":-994.2987060546876,"z":-99.14720153808594,"x":350.7424926757813}},"Owner":"","Name":"7340 Nikola Pl","cctv":{"maxleft":80,"maxright":-20,"rot":{"y":-0.0,"z":-127.72049713134766,"x":-9.48588275909423},"enabled":false},"garage":{"enabled":false,"StoredVehicles":[]},"plysinside":[],"Locked":false,"Keys":[],"setName":"","Entrance":{"y":-593.38,"z":73.50999999999999,"x":1386.22}},{"Owned":false,"furniture":[],"Price":45000,"Interior":"mid-end","positions":{"Wardrobe":{"y":-994.2987060546876,"z":-99.14720153808594,"x":350.7424926757813}},"Owner":"","Name":"7341 Nikola Pl","cctv":{"maxleft":80,"maxright":-20,"rot":{"y":-0.0,"z":-69.5700912475586,"x":-9.84068393707275},"enabled":false},"garage":{"enabled":false,"StoredVehicles":[]},"plysinside":[],"Locked":false,"Keys":[],"setName":"","Entrance":{"y":-569.49,"z":73.52,"x":1388.94}},{"Owned":false,"furniture":[],"Price":4500,"Interior":"mid-end","positions":{"Wardrobe":{"y":-994.2987060546876,"z":-99.14720153808594,"x":350.7424926757813}},"Owner":"","Name":"7341 Nikola Pl","cctv":{"maxleft":80,"maxright":-20,"rot":{"y":-0.0,"z":-114.24230194091796,"x":-12.52571487426757},"enabled":false},"garage":{"enabled":false,"StoredVehicles":[]},"plysinside":[],"Locked":false,"Keys":[],"setName":"","Entrance":{"y":-555.82,"z":73.71,"x":1373.19}},{"Owned":false,"furniture":[],"Price":45000,"Interior":"mid-end","positions":{"Wardrobe":{"y":-994.2987060546876,"z":-99.14720153808594,"x":350.7424926757813}},"Owner":"","Name":"7340 Nikola Pl","cctv":{"maxleft":80,"maxright":-20,"rot":{"y":-0.0,"z":-177.74884033203126,"x":-10.93433380126953},"enabled":false},"garage":{"enabled":false,"StoredVehicles":[]},"plysinside":[],"Locked":false,"Keys":[],"setName":"","Entrance":{"y":-606.62,"z":73.72999999999999,"x":1367.33}},{"Owned":false,"furniture":[],"Price":45000,"Interior":"mid-end","positions":{"Wardrobe":{"y":-994.2987060546876,"z":-99.14720153808594,"x":350.7424926757813}},"Owner":"","Name":"7339 Nikola Pl","cctv":{"maxleft":80,"maxright":-20,"rot":{"y":-0.0,"z":62.37366104125976,"x":-17.39539337158203},"enabled":false},"garage":{"enabled":false,"StoredVehicles":[]},"plysinside":[],"Locked":false,"Keys":[],"setName":"","Entrance":{"y":-597.26,"z":73.72,"x":1341.64}},{"Owned":false,"furniture":[],"Price":45000,"Interior":"mid-end","positions":{"Wardrobe":{"y":-994.2987060546876,"z":-99.14720153808594,"x":350.7424926757813}},"Owner":"","Name":"7342 Nikola Pl","cctv":{"maxleft":80,"maxright":-20,"rot":{"y":4.342483350683324e-7,"z":-27.96370315551757,"x":-10.56496334075927},"enabled":false},"garage":{"enabled":false,"StoredVehicles":[]},"plysinside":[],"Locked":false,"Keys":[],"setName":"","Entrance":{"y":-546.97,"z":72.91,"x":1348.31}},{"Owned":false,"furniture":[],"Price":45000,"Interior":"mid-end","positions":{"Wardrobe":{"y":-994.2987060546876,"z":-99.14720153808594,"x":350.7424926757813}},"Owner":"","Name":"7339 Nikola Pl","cctv":{"maxleft":80,"maxright":-20,"rot":{"y":4.441767487151084e-7,"z":152.2796173095703,"x":-16.03893852233886},"enabled":false},"garage":{"enabled":false,"StoredVehicles":[]},"plysinside":[],"Locked":false,"Keys":[],"setName":"","Entrance":{"y":-583.06,"z":72.27,"x":1323.3}},{"Owned":false,"furniture":[],"Price":45000,"Interior":"mid-end","positions":{"Wardrobe":{"y":-994.2987060546876,"z":-99.14720153808594,"x":350.7424926757813}},"Owner":"","Name":"7342 Nikola Pl","cctv":{"maxleft":80,"maxright":-20,"rot":{"y":-0.00000144736395,"z":-111.59012603759766,"x":-53.85140228271484},"enabled":false},"garage":{"enabled":false,"StoredVehicles":[]},"plysinside":[],"Locked":false,"Keys":[],"setName":"","Entrance":{"y":-535.91,"z":71.46,"x":1328.57}},{"Owned":false,"furniture":[],"Price":45000,"Interior":"mid-end","positions":{"Wardrobe":{"y":-994.2987060546876,"z":-99.14720153808594,"x":350.7424926757813}},"Owner":"","Name":"7339 Nikola Pl","cctv":{"maxleft":80,"maxright":-20,"rot":{"y":4.6078031346041828e-7,"z":164.71957397460938,"x":-22.11302947998047},"enabled":false},"garage":{"enabled":false,"StoredVehicles":[]},"plysinside":[],"Locked":false,"Keys":[],"setName":"","Entrance":{"y":-574.08,"z":70.75,"x":1301.02}},{"Owned":false,"furniture":[],"Price":45000,"Interior":"mid-end","positions":{"Wardrobe":{"y":-994.2987060546876,"z":-99.14720153808594,"x":350.7424926757813}},"Owner":"","Name":"7342 Nikola Pl","cctv":{"maxleft":80,"maxright":-20,"rot":{"y":4.363083689895575e-7,"z":-19.26140213012695,"x":-11.92860603332519},"enabled":false},"garage":{"enabled":false,"StoredVehicles":[]},"plysinside":[],"Locked":false,"Keys":[],"setName":"","Entrance":{"y":-527.3,"z":70.47999999999999,"x":1303.1}},{"Owned":false,"furniture":[],"Price":40000,"Interior":"mid-end","positions":{"Wardrobe":{"y":-994.2987060546876,"z":-99.14720153808594,"x":350.7424926757813}},"Owner":"","Name":"7322 West Mirror Drive","cctv":{"maxleft":80,"maxright":-20,"rot":{"y":-0.0,"z":125.62109375,"x":-58.0705451965332},"enabled":false},"garage":{"enabled":false,"StoredVehicles":[]},"plysinside":[],"Locked":false,"Keys":[],"setName":"","Entrance":{"y":-729.5,"z":56.84,"x":996.89}},{"Owned":false,"furniture":[],"Price":40000,"Interior":"mid-end","positions":{"Wardrobe":{"y":-994.2987060546876,"z":-99.14720153808594,"x":350.7424926757813}},"Owner":"","Name":"7320 West Mirror Drive","cctv":{"maxleft":80,"maxright":-20,"rot":{"y":-0.0,"z":131.13587951660157,"x":-15.06083393096923},"enabled":false},"garage":{"enabled":false,"StoredVehicles":[]},"plysinside":[],"Locked":false,"Keys":[],"setName":"","Entrance":{"y":-716.31,"z":57.24,"x":979.11}},{"Owned":false,"furniture":[],"Price":40000,"Interior":"mid-end","positions":{"Wardrobe":{"y":-994.2987060546876,"z":-99.14720153808594,"x":350.7424926757813}},"Owner":"","Name":"7320 West Mirror Drive","cctv":{"maxleft":80,"maxright":-20,"rot":{"y":3.3350637806961464e-9,"z":170.76788330078126,"x":-0.14884614944458},"enabled":false},"garage":{"enabled":false,"StoredVehicles":[]},"plysinside":[],"Locked":false,"Keys":[],"setName":"","Entrance":{"y":-701.3,"z":57.5,"x":970.88}},{"Owned":false,"furniture":[],"Price":40000,"Interior":"mid-end","positions":{"Wardrobe":{"y":-994.2987060546876,"z":-99.14720153808594,"x":350.7424926757813}},"Owner":"","Name":"7319 West Mirror Drive","cctv":{"maxleft":80,"maxright":-20,"rot":{"y":4.346124455878453e-7,"z":115.8887939453125,"x":-10.81925582885742},"enabled":false},"garage":{"enabled":false,"StoredVehicles":[]},"plysinside":[],"Locked":false,"Keys":[],"setName":"","Entrance":{"y":-669.85,"z":57.47,"x":960.15}},{"Owned":false,"furniture":[],"Price":40000,"Interior":"mid-end","positions":{"Wardrobe":{"y":-994.2987060546876,"z":-99.14720153808594,"x":350.7424926757813}},"Owner":"","Name":"7319 West Mirror Drive","cctv":{"maxleft":80,"maxright":-20,"rot":{"y":0.00000168464464,"z":38.34314727783203,"x":-59.54927444458008},"enabled":false},"garage":{"enabled":false,"StoredVehicles":[]},"plysinside":[],"Locked":false,"Keys":[],"setName":"","Entrance":{"y":-653.51,"z":57.45,"x":943.45}},{"Owned":false,"furniture":[],"Price":40000,"Interior":"mid-end","positions":{"Wardrobe":{"y":-994.2987060546876,"z":-99.14720153808594,"x":350.7424926757813}},"Owner":"","Name":"7318 West Mirror Drive","cctv":{"maxleft":80,"maxright":-20,"rot":{"y":-0.0,"z":-144.15000915527345,"x":-36.16230392456055},"enabled":false},"garage":{"enabled":false,"StoredVehicles":[]},"plysinside":[],"Locked":false,"Keys":[],"setName":"","Entrance":{"y":-627.65,"z":58.26,"x":980.25}},{"Owned":false,"furniture":[],"Price":40000,"Interior":"mid-end","positions":{"Wardrobe":{"y":-994.2987060546876,"z":-99.14720153808594,"x":350.7424926757813}},"Owner":"","Name":"7317 West Mirror Drive","cctv":{"maxleft":80,"maxright":-20,"rot":{"y":-0.0,"z":137.4777984619141,"x":-15.65773868560791},"enabled":false},"garage":{"enabled":false,"StoredVehicles":[]},"plysinside":[],"Locked":false,"Keys":[],"setName":"","Entrance":{"y":-639.71,"z":57.26,"x":928.82}},{"Owned":false,"furniture":[],"Price":40000,"Interior":"mid-end","positions":{"Wardrobe":{"y":-994.2987060546876,"z":-99.14720153808594,"x":350.7424926757813}},"Owner":"","Name":"7317 West Mirror Drive","cctv":{"maxleft":80,"maxright":-20,"rot":{"y":-0.00000160100864,"z":46.20460510253906,"x":-57.77318572998047},"enabled":false},"garage":{"enabled":false,"StoredVehicles":[]},"plysinside":[],"Locked":false,"Keys":[],"setName":"","Entrance":{"y":-615.51,"z":57.47,"x":902.95}},{"Owned":false,"furniture":[],"Price":40000,"Interior":"mid-end","positions":{"Wardrobe":{"y":-994.2987060546876,"z":-99.14720153808594,"x":350.7424926757813}},"Owner":"","Name":"7316 West Mirror Drive","cctv":{"maxleft":80,"maxright":-20,"rot":{"y":-8.718344588487525e-7,"z":138.07872009277345,"x":-11.68268966674804},"enabled":false},"garage":{"enabled":false,"StoredVehicles":[]},"plysinside":[],"Locked":false,"Keys":[],"setName":"","Entrance":{"y":-608.21,"z":57.47,"x":886.77}},{"Owned":false,"furniture":[],"Price":40000,"Interior":"mid-end","positions":{"Wardrobe":{"y":-994.2987060546876,"z":-99.14720153808594,"x":350.7424926757813}},"Owner":"","Name":"7316 West Mirror Drive","cctv":{"maxleft":80,"maxright":-20,"rot":{"y":-0.0,"z":-176.59844970703126,"x":-3.38041257858276},"enabled":false},"garage":{"enabled":false,"StoredVehicles":[]},"plysinside":[],"Locked":false,"Keys":[],"setName":"","Entrance":{"y":-583.65,"z":57.18,"x":861.7}},{"Owned":false,"furniture":[],"Price":40000,"Interior":"mid-end","positions":{"Wardrobe":{"y":-994.2987060546876,"z":-99.14720153808594,"x":350.7424926757813}},"Owner":"","Name":"7312 West Mirror Drive","cctv":{"maxleft":80,"maxright":-20,"rot":{"y":-2.1754524937023245e-7,"z":12.50613498687744,"x":-11.14390087127685},"enabled":false},"garage":{"enabled":false,"StoredVehicles":[]},"plysinside":[],"Locked":false,"Keys":[],"setName":"","Entrance":{"y":-562.66,"z":57.01,"x":844.12}},{"Owned":false,"furniture":[],"Price":40000,"Interior":"mid-end","positions":{"Wardrobe":{"y":-994.2987060546876,"z":-99.14720153808594,"x":350.7424926757813}},"Owner":"","Name":"7314 West Mirror Drive","cctv":{"maxleft":80,"maxright":-20,"rot":{"y":-5.362977262279856e-8,"z":85.02394104003906,"x":-5.74017667770385},"enabled":false},"garage":{"enabled":false,"StoredVehicles":[]},"plysinside":[],"Locked":false,"Keys":[],"setName":"","Entrance":{"y":-532.68,"z":56.95,"x":850.25}},{"Owned":false,"furniture":[],"Price":40000,"Interior":"mid-end","positions":{"Wardrobe":{"y":-994.2987060546876,"z":-99.14720153808594,"x":350.7424926757813}},"Owner":"","Name":"7313 West Mirror Drive","cctv":{"maxleft":80,"maxright":-20,"rot":{"y":0.00000154111978,"z":46.49221038818359,"x":-56.35844421386719},"enabled":false},"garage":{"enabled":false,"StoredVehicles":[]},"plysinside":[],"Locked":false,"Keys":[],"setName":"","Entrance":{"y":-508.98,"z":56.74,"x":861.51}},{"Owned":false,"furniture":[],"Price":40000,"Interior":"mid-end","positions":{"Wardrobe":{"y":-994.2987060546876,"z":-99.14720153808594,"x":350.7424926757813}},"Owner":"","Name":"7313 West Mirror Drive","cctv":{"maxleft":80,"maxright":-20,"rot":{"y":-0.0,"z":44.91729354858398,"x":-64.80823516845703},"enabled":false},"garage":{"enabled":false,"StoredVehicles":[]},"plysinside":[],"Locked":false,"Keys":[],"setName":"","Entrance":{"y":-497.87,"z":57.11000000000001,"x":878.44}},{"Owned":false,"furniture":[],"Price":40000,"Interior":"mid-end","positions":{"Wardrobe":{"y":-994.2987060546876,"z":-99.14720153808594,"x":350.7424926757813}},"Owner":"","Name":"7311 West Mirror Drive","cctv":{"maxleft":80,"maxright":-20,"rot":{"y":-0.0,"z":19.29909515380859,"x":-14.44456386566162},"enabled":false},"garage":{"enabled":false,"StoredVehicles":[]},"plysinside":[],"Locked":false,"Keys":[],"setName":"","Entrance":{"y":-489.76,"z":58.46,"x":906.46}},{"Owned":false,"furniture":[],"Price":40000,"Interior":"mid-end","positions":{"Wardrobe":{"y":-994.2987060546876,"z":-99.14720153808594,"x":350.7424926757813}},"Owner":"","Name":"7311 West Mirror Drive","cctv":{"maxleft":80,"maxright":-20,"rot":{"y":-0.0,"z":-8.25692367553711,"x":-19.33738899230957},"enabled":false},"garage":{"enabled":false,"StoredVehicles":[]},"plysinside":[],"Locked":false,"Keys":[],"setName":"","Entrance":{"y":-477.8,"z":60.1,"x":921.78}},{"Owned":false,"furniture":[],"Price":40000,"Interior":"mid-end","positions":{"Wardrobe":{"y":-994.2987060546876,"z":-99.14720153808594,"x":350.7424926757813}},"Owner":"","Name":"7309 West Mirror Drive","cctv":{"maxleft":80,"maxright":-20,"rot":{"y":-8.953837777880835e-7,"z":-55.23443603515625,"x":-17.53591918945312},"enabled":false},"garage":{"enabled":false,"StoredVehicles":[]},"plysinside":[],"Locked":false,"Keys":[],"setName":"","Entrance":{"y":-463.17,"z":60.57,"x":944.54}},{"Owned":false,"furniture":[],"Price":40000,"Interior":"mid-end","positions":{"Wardrobe":{"y":-994.2987060546876,"z":-99.14720153808594,"x":350.7424926757813}},"Owner":"","Name":"7309 West Mirror Drive","cctv":{"maxleft":80,"maxright":-20,"rot":{"y":8.936335120779404e-7,"z":33.32376480102539,"x":-17.17726707458496},"enabled":false},"garage":{"enabled":false,"StoredVehicles":[]},"plysinside":[],"Locked":false,"Keys":[],"setName":"","Entrance":{"y":-451.65,"z":61.81,"x":967.16}},{"Owned":false,"furniture":[],"Price":40000,"Interior":"mid-end","positions":{"Wardrobe":{"y":-994.2987060546876,"z":-99.14720153808594,"x":350.7424926757813}},"Owner":"","Name":"7307 West Mirror Drive","cctv":{"maxleft":80,"maxright":-20,"rot":{"y":8.771137913754501e-7,"z":34.80197525024414,"x":-13.24740600585937},"enabled":false},"garage":{"enabled":false,"StoredVehicles":[]},"plysinside":[],"Locked":false,"Keys":[],"setName":"","Entrance":{"y":-433.03,"z":63.06000000000001,"x":987.57}},{"Owned":false,"furniture":[],"Price":40000,"Interior":"mid-end","positions":{"Wardrobe":{"y":-994.2987060546876,"z":-99.14720153808594,"x":350.7424926757813}},"Owner":"","Name":"7307 West Mirror Drive","cctv":{"maxleft":80,"maxright":-20,"rot":{"y":-4.402644719903037e-7,"z":123.14452362060549,"x":-14.16050624847412},"enabled":false},"garage":{"enabled":false,"StoredVehicles":[]},"plysinside":[],"Locked":false,"Keys":[],"setName":"","Entrance":{"y":-423.38,"z":64.36999999999999,"x":1010.38}},{"Owned":false,"furniture":[],"Price":40000,"Interior":"mid-end","positions":{"Wardrobe":{"y":-994.2987060546876,"z":-99.14720153808594,"x":350.7424926757813}},"Owner":"","Name":"7305 West Mirror Drive","cctv":{"maxleft":80,"maxright":-20,"rot":{"y":-4.386202476780454e-7,"z":41.270263671875,"x":-13.28245830535888},"enabled":false},"garage":{"enabled":false,"StoredVehicles":[]},"plysinside":[],"Locked":false,"Keys":[],"setName":"","Entrance":{"y":-408.36,"z":65.36,"x":1028.78}},{"Owned":false,"furniture":[],"Price":40000,"Interior":"mid-end","positions":{"Wardrobe":{"y":-994.2987060546876,"z":-99.14720153808594,"x":350.7424926757813}},"Owner":"","Name":"7305 Bridge St","cctv":{"maxleft":80,"maxright":-20,"rot":{"y":-8.817532943794504e-7,"z":54.3464241027832,"x":-14.47243404388427},"enabled":false},"garage":{"enabled":false,"StoredVehicles":[]},"plysinside":[],"Locked":false,"Keys":[],"setName":"","Entrance":{"y":-378.13,"z":67.25,"x":1060.52}},{"Owned":false,"furniture":[],"Price":40000,"Interior":"mid-end","positions":{"Wardrobe":{"y":-994.2987060546876,"z":-99.14720153808594,"x":350.7424926757813}},"Owner":"","Name":"7306 West Mirror Drive","cctv":{"maxleft":80,"maxright":-20,"rot":{"y":-9.047982416632294e-7,"z":-144.52737426757813,"x":-19.33366966247558},"enabled":false},"garage":{"enabled":false,"StoredVehicles":[]},"plysinside":[],"Locked":false,"Keys":[],"setName":"","Entrance":{"y":-469.3,"z":63.52,"x":1014.67}},{"Owned":false,"furniture":[],"Price":40000,"Interior":"mid-end","positions":{"Wardrobe":{"y":-994.2987060546876,"z":-99.14720153808594,"x":350.7424926757813}},"Owner":"","Name":"7308 West Mirror Drive","cctv":{"maxleft":80,"maxright":-20,"rot":{"y":-0.0,"z":-107.44925689697266,"x":-8.07564449310302},"enabled":false},"garage":{"enabled":false,"StoredVehicles":[]},"plysinside":[],"Locked":false,"Keys":[],"setName":"","Entrance":{"y":-502.36,"z":61.16,"x":970.55}},{"Owned":false,"furniture":[],"Price":40000,"Interior":"mid-end","positions":{"Wardrobe":{"y":-994.2987060546876,"z":-99.14720153808594,"x":350.7424926757813}},"Owner":"","Name":"7310 West Mirror Drive","cctv":{"maxleft":80,"maxright":-20,"rot":{"y":-0.0,"z":119.70294189453124,"x":-61.49639892578125},"enabled":false},"garage":{"enabled":false,"StoredVehicles":[]},"plysinside":[],"Locked":false,"Keys":[],"setName":"","Entrance":{"y":-518.94,"z":59.64,"x":945.9}},{"Owned":false,"furniture":[],"Price":40000,"Interior":"mid-end","positions":{"Wardrobe":{"y":-994.2987060546876,"z":-99.14720153808594,"x":350.7424926757813}},"Owner":"","Name":"7312 West Mirror Drive","cctv":{"maxleft":80,"maxright":-20,"rot":{"y":-0.0,"z":-151.43536376953126,"x":-17.66978073120117},"enabled":false},"garage":{"enabled":false,"StoredVehicles":[]},"plysinside":[],"Locked":false,"Keys":[],"setName":"","Entrance":{"y":-526.05,"z":58.81,"x":924.39}},{"Owned":false,"furniture":[],"Price":40000,"Interior":"mid-end","positions":{"Wardrobe":{"y":-994.2987060546876,"z":-99.14720153808594,"x":350.7424926757813}},"Owner":"","Name":"7312 West Mirror Drive","cctv":{"maxleft":80,"maxright":-20,"rot":{"y":-9.24586970540986e-7,"z":-69.45809936523438,"x":-22.57007217407226},"enabled":false},"garage":{"enabled":false,"StoredVehicles":[]},"plysinside":[],"Locked":false,"Keys":[],"setName":"","Entrance":{"y":-540.58,"z":57.53,"x":893.24}},{"Owned":false,"furniture":[],"Price":40000,"Interior":"mid-end","positions":{"Wardrobe":{"y":-994.2987060546876,"z":-99.14720153808594,"x":350.7424926757813}},"Owner":"","Name":"7312 Nikola Ave","cctv":{"maxleft":80,"maxright":-20,"rot":{"y":4.412431167111208e-7,"z":28.74713134765625,"x":-14.65564727783203},"enabled":false},"garage":{"enabled":false,"StoredVehicles":[]},"plysinside":[],"Locked":false,"Keys":[],"setName":"","Entrance":{"y":-569.56,"z":57.39,"x":919.7}},{"Owned":false,"furniture":[],"Price":40000,"Interior":"mid-end","positions":{"Wardrobe":{"y":-994.2987060546876,"z":-99.14720153808594,"x":350.7424926757813}},"Owner":"","Name":"7310 Nikola Ave","cctv":{"maxleft":80,"maxright":-20,"rot":{"y":-4.381802227726439e-7,"z":32.70853805541992,"x":-13.03651428222656},"enabled":false},"garage":{"enabled":false,"StoredVehicles":[]},"plysinside":[],"Locked":false,"Keys":[],"setName":"","Entrance":{"y":-541.93,"z":58.75,"x":965.25}},{"Owned":false,"furniture":[],"Price":40000,"Interior":"mid-end","positions":{"Wardrobe":{"y":-994.2987060546876,"z":-99.14720153808594,"x":350.7424926757813}},"Owner":"","Name":"7310 Nikola Ave","cctv":{"maxleft":80,"maxright":-20,"rot":{"y":9.366781910102872e-7,"z":30.89822769165039,"x":-24.28778457641601},"enabled":false},"garage":{"enabled":false,"StoredVehicles":[]},"plysinside":[],"Locked":false,"Keys":[],"setName":"","Entrance":{"y":-525.76,"z":59.71,"x":987.84}},{"Owned":false,"furniture":[],"Price":40000,"Interior":"mid-end","positions":{"Wardrobe":{"y":-994.2987060546876,"z":-99.14720153808594,"x":350.7424926757813}},"Owner":"","Name":"7308 Nikola Ave","cctv":{"maxleft":80,"maxright":-20,"rot":{"y":-0.0,"z":-65.29899597167969,"x":-16.08703422546386},"enabled":false},"garage":{"enabled":false,"StoredVehicles":[]},"plysinside":[],"Locked":false,"Keys":[],"setName":"","Entrance":{"y":-510.98,"z":60.01,"x":1006.48}},{"Owned":false,"furniture":[],"Price":40000,"Interior":"mid-end","positions":{"Wardrobe":{"y":-994.2987060546876,"z":-99.14720153808594,"x":350.7424926757813}},"Owner":"","Name":"7306 Bridge St","cctv":{"maxleft":80,"maxright":-20,"rot":{"y":9.091479000744585e-7,"z":144.13137817382813,"x":-20.10037040710449},"enabled":false},"garage":{"enabled":false,"StoredVehicles":[]},"plysinside":[],"Locked":false,"Keys":[],"setName":"","Entrance":{"y":-498.06,"z":63.1,"x":1046.29}},{"Owned":false,"furniture":[],"Price":40000,"Interior":"mid-end","positions":{"Wardrobe":{"y":-994.2987060546876,"z":-99.14720153808594,"x":350.7424926757813}},"Owner":"","Name":"7306 Bridge St","cctv":{"maxleft":80,"maxright":-20,"rot":{"y":-0.0,"z":76.4620132446289,"x":-11.98972129821777},"enabled":false},"garage":{"enabled":false,"StoredVehicles":[]},"plysinside":[],"Locked":false,"Keys":[],"setName":"","Entrance":{"y":-470.58,"z":63.32,"x":1051.04}},{"Owned":false,"furniture":[],"Price":40000,"Interior":"mid-end","positions":{"Wardrobe":{"y":-994.2987060546876,"z":-99.14720153808594,"x":350.7424926757813}},"Owner":"","Name":"7306 Bridge St","cctv":{"maxleft":80,"maxright":-20,"rot":{"y":-0.0,"z":162.82366943359376,"x":-8.78071689605712},"enabled":false},"garage":{"enabled":false,"StoredVehicles":[]},"plysinside":[],"Locked":false,"Keys":[],"setName":"","Entrance":{"y":-448.93,"z":65.28,"x":1056.24}},{"Owned":false,"furniture":[],"Price":40000,"Interior":"mid-end","positions":{"Wardrobe":{"y":-994.2987060546876,"z":-99.14720153808594,"x":350.7424926757813}},"Owner":"","Name":"7344 Bridge St","cctv":{"maxleft":80,"maxright":-20,"rot":{"y":-4.4310172597761268e-7,"z":-102.9858856201172,"x":-15.54805183410644},"enabled":false},"garage":{"enabled":false,"StoredVehicles":[]},"plysinside":[],"Locked":false,"Keys":[],"setName":"","Entrance":{"y":-484.37,"z":64.67999999999999,"x":1090.46}},{"Owned":false,"furniture":[],"Price":40000,"Interior":"mid-end","positions":{"Wardrobe":{"y":-994.2987060546876,"z":-99.14720153808594,"x":350.7424926757813}},"Owner":"","Name":"7346 Bridge St","cctv":{"maxleft":80,"maxright":-20,"rot":{"y":2.17306606487e-7,"z":-15.62946987152099,"x":-10.81984233856201},"enabled":false},"garage":{"enabled":false,"StoredVehicles":[]},"plysinside":[],"Locked":false,"Keys":[],"setName":"","Entrance":{"y":-464.52,"z":66.33999999999999,"x":1098.58}},{"Owned":false,"furniture":[],"Price":40000,"Interior":"mid-end","positions":{"Wardrobe":{"y":-994.2987060546876,"z":-99.14720153808594,"x":350.7424926757813}},"Owner":"","Name":"7346 Bridge St","cctv":{"maxleft":80,"maxright":-20,"rot":{"y":-0.0,"z":179.49822998046876,"x":-11.32894706726074},"enabled":false},"garage":{"enabled":false,"StoredVehicles":[]},"plysinside":[],"Locked":false,"Keys":[],"setName":"","Entrance":{"y":-438.69,"z":66.81,"x":1099.44}},{"Owned":false,"furniture":[],"Price":40000,"Interior":"mid-end","positions":{"Wardrobe":{"y":-994.2987060546876,"z":-99.14720153808594,"x":350.7424926757813}},"Owner":"","Name":"7348 Bridge St","cctv":{"maxleft":80,"maxright":-20,"rot":{"y":-5.391471091797939e-8,"z":-93.88529205322266,"x":-8.21971225738525},"enabled":false},"garage":{"enabled":false,"StoredVehicles":[]},"plysinside":[],"Locked":false,"Keys":[],"setName":"","Entrance":{"y":-411.33,"z":66.58,"x":1101.06}},{"Owned":false,"furniture":[],"Price":40000,"Interior":"mid-end","positions":{"Wardrobe":{"y":-994.2987060546876,"z":-99.14720153808594,"x":350.7424926757813}},"Owner":"","Name":"7348 West Mirror Drive","cctv":{"maxleft":80,"maxright":-20,"rot":{"y":-0.0,"z":-112.49811553955078,"x":-24.5419979095459},"enabled":false},"garage":{"enabled":false,"StoredVehicles":[]},"plysinside":[],"Locked":false,"Keys":[],"setName":"","Entrance":{"y":-391.27,"z":67.97,"x":1114.44}},{"Owned":false,"furniture":[],"Price":40000,"Interior":"mid-end","positions":{"Wardrobe":{"y":-994.2987060546876,"z":-99.14720153808594,"x":350.7424926757813}},"Owner":"","Name":"7345 East Mirror Dr","cctv":{"maxleft":80,"maxright":-20,"rot":{"y":-2.144359569911103e-7,"z":112.37248229980468,"x":-5.51487922668457},"enabled":false},"garage":{"enabled":false,"StoredVehicles":[]},"plysinside":[],"Locked":false,"Keys":[],"setName":"","Entrance":{"y":-429.86,"z":69.03999999999999,"x":1262.35}},{"Owned":false,"furniture":[],"Price":40000,"Interior":"mid-end","positions":{"Wardrobe":{"y":-994.2987060546876,"z":-99.14720153808594,"x":350.7424926757813}},"Owner":"","Name":"7945 East Mirror Dr","cctv":{"maxleft":80,"maxright":-20,"rot":{"y":-0.0,"z":94.98734283447266,"x":-14.86165904998779},"enabled":false},"garage":{"enabled":false,"StoredVehicles":[]},"plysinside":[],"Locked":false,"Keys":[],"setName":"","Entrance":{"y":-458.06,"z":69.53999999999999,"x":1265.74}},{"Owned":false,"furniture":[],"Price":40000,"Interior":"mid-end","positions":{"Wardrobe":{"y":-994.2987060546876,"z":-99.14720153808594,"x":350.7424926757813}},"Owner":"","Name":"7343 East Mirror Dr","cctv":{"maxleft":80,"maxright":-20,"rot":{"y":-0.0,"z":125.15465545654296,"x":-10.50986766815185},"enabled":false},"setName":"","plysinside":[],"Locked":false,"Keys":[],"garage":{"enabled":false,"StoredVehicles":[]},"Entrance":{"y":-480.18,"z":69.21,"x":1259.51}},{"Owned":false,"furniture":[],"Price":40000,"Interior":"mid-end","positions":{"Wardrobe":{"y":-994.2987060546876,"z":-99.14720153808594,"x":350.7424926757813}},"Owner":"","Name":"7343 East Mirror Dr","cctv":{"maxleft":80,"maxright":-20,"rot":{"y":-0.0,"z":63.34117126464844,"x":-16.31183433532715},"enabled":false},"setName":"","plysinside":[],"Locked":false,"Keys":[],"garage":{"enabled":false,"StoredVehicles":[]},"Entrance":{"y":-494.1,"z":68.92999999999999,"x":1251.53}},{"Owned":false,"furniture":[],"Price":40000,"Interior":"mid-end","positions":{"Wardrobe":{"y":-994.2987060546876,"z":-99.14720153808594,"x":350.7424926757813}},"Owner":"","Name":"7343 East Mirror Dr","cctv":{"maxleft":80,"maxright":-20,"rot":{"y":-0.0,"z":77.79755401611328,"x":-17.28229522705078},"enabled":false},"setName":"","plysinside":[],"Locked":false,"Keys":[],"garage":{"enabled":false,"StoredVehicles":[]},"Entrance":{"y":-515.5,"z":68.36999999999999,"x":1250.9}},{"Owned":false,"furniture":[],"Price":40000,"Interior":"mid-end","positions":{"Wardrobe":{"y":-994.2987060546876,"z":-99.14720153808594,"x":350.7424926757813}},"Owner":"","Name":"7338 East Mirror Dr","cctv":{"maxleft":80,"maxright":-20,"rot":{"y":-0.0,"z":130.3302459716797,"x":-22.43321228027343},"enabled":false},"setName":"","plysinside":[],"Locked":false,"Keys":[],"garage":{"enabled":false,"StoredVehicles":[]},"Entrance":{"y":-566.43,"z":68.67999999999999,"x":1241.53}},{"Owned":false,"furniture":[],"Price":40000,"Interior":"mid-end","positions":{"Wardrobe":{"y":-994.2987060546876,"z":-99.14720153808594,"x":350.7424926757813}},"Owner":"","Name":"7338 East Mirror Dr","cctv":{"maxleft":80,"maxright":-20,"rot":{"y":-1.3435412782314417e-8,"z":91.53223419189452,"x":-6.82489442825317},"enabled":false},"setName":"","plysinside":[],"Locked":false,"Keys":[],"garage":{"enabled":false,"StoredVehicles":[]},"Entrance":{"y":-601.65,"z":68.8,"x":1240.54}},{"Owned":false,"furniture":[],"Price":40000,"Interior":"mid-end","positions":{"Wardrobe":{"y":-994.2987060546876,"z":-99.14720153808594,"x":350.7424926757813}},"Owner":"","Name":"7336 East Mirror Dr","cctv":{"maxleft":80,"maxright":-20,"rot":{"y":-2.145688853261163e-7,"z":27.77294158935547,"x":-5.87094974517822},"enabled":false},"OwnerName":"","setName":"","plysinside":[],"Locked":false,"Keys":[],"garage":{"enabled":false,"StoredVehicles":[]},"Entrance":{"y":-620.99,"z":68.58999999999999,"x":1250.79}},{"Owned":false,"furniture":[],"Price":40000,"Interior":"mid-end","positions":{"Wardrobe":{"y":-994.2987060546876,"z":-99.14720153808594,"x":350.7424926757813}},"Owner":"","Name":"7333 East Mirror Dr","cctv":{"maxleft":80,"maxright":-20,"rot":{"y":-0.0,"z":-152.5341949462891,"x":-14.65502071380615},"enabled":false},"setName":"","plysinside":[],"Locked":false,"Keys":[],"garage":{"enabled":false,"StoredVehicles":[]},"Entrance":{"y":-648.63,"z":67.14,"x":1265.69}},{"Owned":false,"furniture":[],"Price":40000,"Interior":"mid-end","positions":{"Wardrobe":{"y":-994.2987060546876,"z":-99.14720153808594,"x":350.7424926757813}},"Owner":"","Name":"7333 East Mirror Dr","cctv":{"maxleft":80,"maxright":-20,"rot":{"y":-0.0,"z":-171.3050994873047,"x":-12.5356969833374},"enabled":false},"setName":"","plysinside":[],"Locked":false,"Keys":[],"garage":{"enabled":false,"StoredVehicles":[]},"Entrance":{"y":-683.53,"z":65.05,"x":1270.98}},{"Owned":false,"furniture":[],"Price":40000,"Interior":"mid-end","positions":{"Wardrobe":{"y":-994.2987060546876,"z":-99.14720153808594,"x":350.7424926757813}},"Owner":"","Name":"7328 East Mirror Dr","cctv":{"maxleft":80,"maxright":-20,"rot":{"y":0.00000175048376,"z":58.4541015625,"x":-12.71638584136962},"enabled":false},"setName":"","plysinside":[],"Locked":false,"Keys":[],"garage":{"enabled":false,"StoredVehicles":[]},"Entrance":{"y":-702.82,"z":63.93,"x":1264.75}},{"Owned":false,"furniture":[],"Price":40000,"Interior":"mid-end","positions":{"Wardrobe":{"y":-994.2987060546876,"z":-99.14720153808594,"x":350.7424926757813}},"Owner":"","Name":"7328 East Mirror Dr","cctv":{"maxleft":80,"maxright":-20,"rot":{"y":-0.0,"z":-88.46087646484375,"x":-11.09668827056884},"enabled":false},"setName":"","plysinside":[],"Locked":false,"Keys":[],"garage":{"enabled":false,"StoredVehicles":[]},"Entrance":{"y":-725.27,"z":59.98,"x":1229.58}},{"Owned":false,"furniture":[],"Price":40000,"Interior":"mid-end","positions":{"Wardrobe":{"y":-994.2987060546876,"z":-99.14720153808594,"x":350.7424926757813}},"Owner":"","Name":"7328 Mirror Park Blvd","cctv":{"maxleft":80,"maxright":-20,"rot":{"y":-0.0,"z":-81.23240661621094,"x":-17.37718200683593},"enabled":false},"setName":"","plysinside":[],"Locked":false,"Keys":[],"garage":{"enabled":false,"StoredVehicles":[]},"Entrance":{"y":-696.93,"z":59.82,"x":1223.0}},{"Owned":false,"furniture":[],"Price":40000,"Interior":"mid-end","positions":{"Wardrobe":{"y":-994.2987060546876,"z":-99.14720153808594,"x":350.7424926757813}},"Owner":"","Name":"7333 Mirror Park Blvd","cctv":{"maxleft":80,"maxright":-20,"rot":{"y":-0.0,"z":-164.38833618164066,"x":-11.55613040924072},"enabled":false},"setName":"","plysinside":[],"Locked":false,"Keys":[],"garage":{"enabled":false,"StoredVehicles":[]},"Entrance":{"y":-669.31,"z":62.71,"x":1221.46}},{"Owned":false,"furniture":[],"Price":40000,"Interior":"mid-end","positions":{"Wardrobe":{"y":-994.2987060546876,"z":-99.14720153808594,"x":350.7424926757813}},"Owner":"","Name":"7336 Mirror Park Blvd","cctv":{"maxleft":80,"maxright":-20,"rot":{"y":1.3399391818325056e-8,"z":-87.679443359375,"x":-5.38702487945556},"enabled":false},"garage":{"enabled":false,"StoredVehicles":[]},"plysinside":[],"Locked":false,"Keys":[],"setName":"","Entrance":{"y":-620.26,"z":65.46,"x":1207.46}},{"Owned":false,"furniture":[],"Price":40000,"Interior":"mid-end","positions":{"Wardrobe":{"y":-994.2987060546876,"z":-99.14720153808594,"x":350.7424926757813}},"Owner":"","Name":"7338 Mirror Park Blvd","garage":{"enabled":false,"StoredVehicles":[]},"Keys":[],"plysinside":[],"Locked":false,"cctv":{"enabled":false,"maxright":-20,"rot":{"y":-0.0,"z":3.90023970603942,"x":-16.58763313293457},"maxleft":80},"setName":"","Entrance":{"y":-598.41,"z":67.08,"x":1203.75}},{"Owned":false,"furniture":[],"Price":40000,"Interior":"mid-end","positions":{"Wardrobe":{"y":-994.2987060546876,"z":-99.14720153808594,"x":350.7424926757813}},"Owner":"","Name":"7338 Mirror Park Blvd","garage":{"enabled":false,"StoredVehicles":[]},"Keys":[],"plysinside":[],"Locked":false,"cctv":{"enabled":false,"maxright":-20,"rot":{"y":9.099596240957908e-7,"z":-37.31895446777344,"x":-20.23956108093261},"maxleft":80},"setName":"","Entrance":{"y":-575.59,"z":68.16,"x":1201.01}}]